insert into jy_equipment values('689cda835b3c45dda154ef8cf8ab6363','JFBC5FF4EA7769','192.168.15.120','BC-5F-F4-EA-77-69','D','0','ZC,BC-5F-F4-EA-77-69,2017/07/06 17:14:04,2017/07/06 17:14:04,Y,Y,1','51.01.01','V3.9.0.40','21','','1','',null,'','1','',null,'',null);


INSERT INTO `jy_menu_tab` VALUES ('1293c5e6d1244c248b1635c9a98be561', '00001-00000-00000-00000-00000', '考试管理', '3', null, '1', null, 'exam','', '0', '1', '2017-06-05 09:34:00', '1', '2017-06-05 09:34:03');
INSERT INTO `jy_menu_tab` VALUES ('1293c5e6d1244c248b1635c9a98be541', '00001-00001-00000-00000-00000', '考试列表', '3', null, '2', 'exam/examList','', null, '0', '1', '2017-06-05 09:41:57', '1', '2017-06-05 09:42:00');
INSERT INTO `jy_menu_tab` VALUES ('1293c5e6d1244c248b1635c9a98be542', '00001-00002-00000-00000-00000', '考试类型', '3', null, '2', 'exam/examTypeList','', null, '0', '1', '2017-06-05 09:42:57', '1', '2017-06-05 09:43:00');
INSERT INTO `jy_menu_tab` VALUES ('1293c5e6d1244c248b1635c9a98be543', '00004-00003-00000-00000-00000', '还原信号', '3', null, '2', 'exam/cheateList','', null, '0', '1', '2017-06-06 11:48:29', '1', '2017-06-06 11:48:37');
INSERT INTO `jy_menu_tab` VALUES ('1293c5e6d1244c248b1635c9a98be544', '00003-00000-00000-00000-00000', '黑白名单', '4', '', '1', '', 'blacklist','', '0', '1', '2017-06-01 13:35:48', '1', '2017-06-01 13:35:48');
INSERT INTO `jy_menu_tab` VALUES ('1293c5e6d1244c248b1635c9a98be545', '00003-00001-00000-00000-00000', '黑白名单', '4', '', '2', 'blackwhitelist/blackwhitelist','', '测试用', '0', '1', '2017-06-04 23:43:55', '1', '2017-06-04 23:43:55');
INSERT INTO `jy_menu_tab` VALUES ('1293c5e6d1244c248b1635c9a98be546', '00005-00000-00000-00000-00000', '统计分析', '5', '', '1', '', 'statistics','', '0', '1', '2017-06-01 13:35:48', '1', '2017-06-01 13:35:48');
INSERT INTO `jy_menu_tab` VALUES ('1293c5e6d1244c248b1635c9a98be547', '00005-00001-00000-00000-00000', '统计数据', '5', '', '2', 'statistics/statisticsAnalysis','', '测试用', '0', '1', '2017-06-07 08:55:11', '1', '2017-06-07 08:55:11');
INSERT INTO `jy_menu_tab` VALUES ('1293c5e6d1244c248b1635c9a98be564', '00004-00002-00000-00000-00000', '实时监听', '2', 'bd14756e3239436a8c6b1e9ef3c09698', '2', 'suspiciousSignal/monitor','', '', '1', 'wb', '2017-05-31 16:45:46', '1', '2017-05-31 16:45:52');
INSERT INTO `jy_menu_tab` VALUES ('202d69dfbf2a4e75981c0947e57fabd5', '00004-00001-00000-00000-00000', '可疑信号', '2', 'e2fc12d882de4072a830dbed8edbccff', '2', 'suspiciousSignal/suspicious_signal_list','', '', '0', 'wb', '2017-05-31 16:45:46', '1', '2017-05-31 16:45:52');
INSERT INTO `jy_menu_tab` VALUES ('4aad35f1de154de281df3f916875d1d1', '00006-00000-00000-00000-00000', '系统设置', '7', '', '1', '', 'system','', '0', '1', '2017-05-09 15:51:53', '1', '2017-05-25 15:51:57');
INSERT INTO `jy_menu_tab` VALUES ('4aad35f1de154de281df3f916875d1d2', '00006-00001-00000-00000-00000', '个人信息', '1', '', '2', '/userEditPassword/userAddEdit', '','用户管理', '0', '1', '2017-06-04 18:06:54', '1', '2017-06-04 18:06:54');
INSERT INTO `jy_menu_tab` VALUES ('4aad35f1de154de281df3f916875d1d3', '00006-00002-00000-00000-00000', '密码管理', '2', '', '2', '/userEditPassword/editPassword','', '密码管理', '0', '1', '2017-06-04 18:07:20', '1', '2017-06-04 18:07:20');
INSERT INTO `jy_menu_tab` VALUES ('4aad35f1de154de281df3f916875d1d4', '00006-00003-00000-00000-00000', '角色信息', '3', null, '2', '/role/role_list','', null, '1', '1', '2017-06-26 13:53:57', '1', '2017-06-26 13:54:01');
INSERT INTO `jy_menu_tab` VALUES ('4aad35f1de154de281df3f916875d1d5', '00006-00004-00000-00000-00000', '组织机构', '4', '', '2', '/org/org_list','', '', '1', '1', '2017-06-26 13:53:57', '1', '2017-06-26 13:54:01');
INSERT INTO `jy_menu_tab` VALUES ('aert55ba8f0245f3957b493943476a10', '00000-00000-00000-00000-00000', '设备管理', '1', '9dbf0e94ccdb44d7a2e5c434e8b8b120', '1', null,'equipment','','0', '1', '2017-06-02 13:05:33', '1', '2017-06-02 13:05:48');
INSERT INTO `jy_menu_tab` VALUES ('aert55ba8f0245f3957b493943476a11', '00000-00001-00000-00000', '设备展示', '1', '9dbf0e94ccdb44d7a2e5c434e8b8b121', '2', 'equipment/equipment', '','', '0', '1', '2017-06-02 13:09:05', '1', '2017-06-02 13:09:11');
INSERT INTO `jy_menu_tab` VALUES ('e5bb21e26c8d47fa97e8a55e113a5991', '00004-00000-00000-00000-00000', '可疑信号', '2', 'a21aa9b21b244350865bdae31f06d4c7', '1', '', 'single','', '0', 'wb', '2017-05-31 16:45:46', '1', '2017-05-31 16:45:52');


INSERT INTO `jy_organization_tab` VALUES ('bd14756e3239436a8c6b1e9ef3c09656', '00006-00001-00000-00000-00000', '环境保护局', '环境', '0', '1', '2017-05-09 17:22:39', '1', '2017-05-25 17:22:47', null);

INSERT INTO `jy_permission_tab` VALUES ('4aad35f1de154de281df3f916875d113', '00006-00000-00000-00000-00000', '系统设置', '1', null, null, '0', 'zyj', '2017-06-06 17:51:17', '1', '2017-06-23 17:51:26');
INSERT INTO `jy_permission_tab` VALUES ('4aad35f1de154de281df3f916875d114', '00006-00001-00000-00000-00000', '用户管理', '2', '4aad35f1de154de281df3f916875d113', null, '0', 'zyj', '2017-06-05 18:05:56', '1', '2017-06-14 18:06:01');
INSERT INTO `jy_permission_tab` VALUES ('4aad35f1de154de281df3f916875d115', '00006-00002-00000-00000-00000', '密码管理', '2', '4aad35f1de154de281df3f916875d114', null, '0', 'zyj', '2017-06-06 18:06:46', '1', '2017-06-27 18:06:56');
INSERT INTO `jy_permission_tab` VALUES ('6cc537968d6a42469266b78889b40919', '00001-00003-00000-00000-00000', '违纪信息', '2', '9dbf0e94ccdb44d7a2e5c434e8b8b123', null, '0', 'sjn', '2017-06-07 17:31:16', 'sjn', '2017-06-07 17:31:19');
INSERT INTO `jy_permission_tab` VALUES ('8a1edc19adc94f99852912cbf06d71a1', '00001-00001-00000-00000-00000', '考试列表', '2', '9dbf0e94ccdb44d7a2e5c434e8b8b123', null, '0', 'sjn', '2017-06-07 17:28:21', 'sjn', '2017-06-07 17:29:03');
INSERT INTO `jy_permission_tab` VALUES ('9dbf0e94ccdb44d7a2e5c434e820b120', '00003-00000-00000-00000-00000', '黑白名单', '1', null, null, '0', '1', '2017-06-07 17:30:41', '1', '2017-06-07 17:30:49');
INSERT INTO `jy_permission_tab` VALUES ('9dbf0e94ccdb44d7a2e5c434e821b121', '00003-00001-00000-00000-00000', '黑白名单列表', '2', '9dbf0e94ccdb44d7a2e5c434e820b120', null, '0', '1', '2017-06-07 17:32:36', '1', '2017-06-07 17:32:47');
INSERT INTO `jy_permission_tab` VALUES ('9dbf0e94ccdb44d7a2e5c434e822b120', '00005-00000-00000-00000-00000', '统计分析', '1', null, null, '0', '1', '2017-06-07 17:30:41', '1', '2017-06-07 17:30:49');
INSERT INTO `jy_permission_tab` VALUES ('9dbf0e94ccdb44d7a2e5c434e823b121', '00005-00001-00000-00000-00000', '作弊分析图表', '2', '9dbf0e94ccdb44d7a2e5c434e822b120', null, '0', '1', '2017-06-07 17:32:36', '1', '2017-06-07 17:32:47');
INSERT INTO `jy_permission_tab` VALUES ('9dbf0e94ccdb44d7a2e5c434e824b121', '00005-00002-00000-00000-00000', '设备分析图表', '2', '9dbf0e94ccdb44d7a2e5c434e822b120', null, '0', '1', '2017-06-07 17:32:36', '1', '2017-06-07 17:32:47');
INSERT INTO `jy_permission_tab` VALUES ('9dbf0e94ccdb44d7a2e5c434e8b8b120', '00000-00000-00000-00000-00000', '设备管理', '1', null, null, '0', 'yxp', '2017-06-07 17:30:41', '1', '2017-06-07 17:30:49');
INSERT INTO `jy_permission_tab` VALUES ('9dbf0e94ccdb44d7a2e5c434e8b8b121', '00000-00001-00000-00000-00000', '设备展示', '2', '9dbf0e94ccdb44d7a2e5c434e8b8b120', null, '0', 'yxp', '2017-06-07 17:32:36', '1', '2017-06-07 17:32:47');
INSERT INTO `jy_permission_tab` VALUES ('9dbf0e94ccdb44d7a2e5c434e8b8b123', '00001-00000-00000-00000-00000', '考试管理', '1', null, null, '0', 'sjn', '2017-06-07 17:26:30', 'sjn', '2017-06-07 17:26:34');
INSERT INTO `jy_permission_tab` VALUES ('a21aa9b21b244350865bdae31f06d4c7', '00004-00000-00000-00000-00000', '可疑信号', '1', null, null, '0', 'wb', '2017-06-07 17:32:20', '1', '2017-06-07 17:32:24');
INSERT INTO `jy_permission_tab` VALUES ('bab83e402b004ef2bd6f57428ce3d84d', '00001-00002-00000-00000-00000', '考试类型', '2', '9dbf0e94ccdb44d7a2e5c434e8b8b123', null, '0', 'sjn', '2017-06-07 17:29:33', 'sjn', '2017-06-07 17:29:36');
INSERT INTO `jy_permission_tab` VALUES ('bd14756e3239436a8c6b1e9ef3c09698', '00004-00002-00000-00000-00000', '实时监听', '2', 'a21aa9b21b244350865bdae31f06d4c7', null, '0', 'wb', '2017-06-07 17:35:05', '1', '2017-06-07 17:35:09');
INSERT INTO `jy_permission_tab` VALUES ('e2fc12d882de4072a830dbed8edbccff', '00004-00001-00000-00000-00000', '可疑信号查询', '2', 'a21aa9b21b244350865bdae31f06d4c7', null, '0', 'wb', '2017-06-07 17:34:29', '1', '2017-06-07 17:34:33');

INSERT INTO `jy_resource_tab` VALUES ('04b07d401ffd4a9283beb86578b3d905', '实时监听--信号显示', '/suspiciousSignal/querySuspiciousSignals', 'bd14756e3239436a8c6b1e9ef3c09698', null, '0', 'wb', '2017-06-07 17:28:27', '1', '2017-06-07 17:28:32');
INSERT INTO `jy_resource_tab` VALUES ('0c76bf8dda324b83a48a6686b9f8c3bd', '可疑信号查询', '/suspiciousSignal/querySuspiciousSignals', 'e2fc12d882de4072a830dbed8edbccff', null, '0', 'wb', '2017-06-07 17:03:45', '1', '2017-06-07 17:03:49');
INSERT INTO `jy_resource_tab` VALUES ('14db9322676944ac91d7000fc09fbbda', '考试列表异步', '/showExamList', '8a1edc19adc94f99852912cbf06d71a1', null, '0', 'sjn', '2017-06-07 17:38:50', 'sjn', '2017-06-07 17:38:53');
INSERT INTO `jy_resource_tab` VALUES ('253c303d970144dd8414c4cb287219d5', '可疑信号查询--查询考试场次', '/suspiciousSignal/queryExamSessionNumList', 'e2fc12d882de4072a830dbed8edbccff', '', '0', 'wb', '2017-06-07 17:03:45', '1', '2017-06-07 17:03:49');
INSERT INTO `jy_resource_tab` VALUES ('3ab0314dc9f4436b9b5818a051c9de71', '考试列表', '/exam/examList', '8a1edc19adc94f99852912cbf06d71a1', null, '0', 'sjn', '2017-06-07 17:32:29', 'sjn', '2017-06-07 17:32:32');
INSERT INTO `jy_resource_tab` VALUES ('466cf133bf5a4445bf301ff2d626e590', '设备展示', '/equipment/queryEquipments', '9dbf0e94ccdb44d7a2e5c434e8b8b121', null, '0', 'yxp', '2017-06-07 17:22:32', 'yxp', '2017-06-07 17:22:50');
INSERT INTO `jy_resource_tab` VALUES ('466cf133bf5a4445bf301ff2d626e591', '新增设备', '/equipment/saveEquipment', '9dbf0e94ccdb44d7a2e5c434e8b8b121', '', '0', 'yxp', '2017-06-07 17:22:32', 'yxp', '2017-06-07 17:22:50');
INSERT INTO `jy_resource_tab` VALUES ('466cf133bf5a4445bf301ff2d626e592', '编辑设备', '/equipment/updateEquipment', '9dbf0e94ccdb44d7a2e5c434e8b8b121', '', '0', 'yxp', '2017-06-07 17:22:32', 'yxp', '2017-06-07 17:22:50');
INSERT INTO `jy_resource_tab` VALUES ('466cf133bf5a4445bf301ff2d626e593', '删除设备', '/equipment/deleteEquipment', '9dbf0e94ccdb44d7a2e5c434e8b8b121', '', '0', 'yxp', '2017-06-07 17:22:32', 'yxp', '2017-06-07 17:22:50');
INSERT INTO `jy_resource_tab` VALUES ('466cf133bf5a4445bf301ff2d626e594', '批量删除设备', '/equipment/deleteEquipments', '9dbf0e94ccdb44d7a2e5c434e8b8b121', '', '0', 'yxp', '2017-06-07 17:22:32', 'yxp', '2017-06-07 17:22:50');
INSERT INTO `jy_resource_tab` VALUES ('466cf133bf5a4445bf301ff2d626e595', '查询单一设备', '/equipment/queryEquipment', '9dbf0e94ccdb44d7a2e5c434e8b8b121', '', '0', 'yxp', '2017-06-07 17:22:32', 'yxp', '2017-06-07 17:22:50');
INSERT INTO `jy_resource_tab` VALUES ('466cf133bf5a4445bf301ff2d626e596', '导出设备列表', '/equipment/exportEquipmentsList', '9dbf0e94ccdb44d7a2e5c434e8b8b121', '', '0', 'yxp', '2017-06-07 17:22:32', 'yxp', '2017-06-07 17:22:50');
INSERT INTO `jy_resource_tab` VALUES ('4a28e6b15dd640a8bdb7544ced27d6d9', '获取考试列表名称', '/showExamListData', '6cc537968d6a42469266b78889b40919', null, '0', 'sjn', '2017-06-07 17:53:02', 'sjn', '2017-06-07 17:53:09');
INSERT INTO `jy_resource_tab` VALUES ('4aad35f1de154de281df3f916875d110', '系统设置-查询邮箱', '/user/checkEmail', '4aad35f1de154de281df3f916875d114', '', '0', 'zyj', '2017-06-05 17:33:19', '1', '2017-06-20 17:33:24');
INSERT INTO `jy_resource_tab` VALUES ('4aad35f1de154de281df3f916875d111', '系统设置-密码管理界面', '/user/editPassword', '4aad35f1de154de281df3f916875d113', null, '0', 'zyj', '2017-06-06 17:38:41', '1', '2017-06-20 17:38:53');
INSERT INTO `jy_resource_tab` VALUES ('4aad35f1de154de281df3f916875d112', '系统设置-修改密码', '/user/updatePassword', '4aad35f1de154de281df3f916875d115', null, '0', 'zyj', '2017-06-07 17:38:45', '1', '2017-06-13 17:38:56');
INSERT INTO `jy_resource_tab` VALUES ('4aad35f1de154de281df3f916875d1d4', '系统设置-获取用列表分页', '/user/getUsers', '4aad35f1de154de281df3f916875d114', null, '0', 'zyj', '2017-06-06 17:28:22', '1', '2017-06-29 17:28:28');
INSERT INTO `jy_resource_tab` VALUES ('4aad35f1de154de281df3f916875d1d6', '系统设置-用户编辑界面', '/user/userAddEdit', '4aad35f1de154de281df3f916875d113', null, '0', 'zyj', '2017-06-05 17:33:19', '1', '2017-06-20 17:33:24');
INSERT INTO `jy_resource_tab` VALUES ('4aad35f1de154de281df3f916875d1d7', '系统设置-查询用户信息', '/user/queryUser', '4aad35f1de154de281df3f916875d114', '', '0', 'zyj', '2017-06-05 17:32:24', '1', '2017-06-29 17:32:35');
INSERT INTO `jy_resource_tab` VALUES ('4aad35f1de154de281df3f916875d1d8', '系统设置-检查并修改用户信息', '/user/updateUser', '4aad35f1de154de281df3f916875d114', '', '0', 'zyj', '2017-06-05 17:33:19', '1', '2017-06-20 17:33:24');
INSERT INTO `jy_resource_tab` VALUES ('4aad35f1de154de281df3f916875d1d9', '系统设置-查询电话号码', '/user/checkPhone', '4aad35f1de154de281df3f916875d114', '', '0', 'zyj', '2017-06-05 17:32:24', '1', '2017-06-29 17:32:35');
INSERT INTO `jy_resource_tab` VALUES ('64c3d1eaf33d478584df8207f0e0e8b9', '删除考试类型', '/examtype/deleteExamType', 'bab83e402b004ef2bd6f57428ce3d84d', null, '0', 'sjn', '2017-06-07 17:45:06', 'sjn', '2017-06-07 17:45:10');
INSERT INTO `jy_resource_tab` VALUES ('690f6038069549e9b1ebe2fd21c181c9', '删除考试项', '/deleteExamByUuid', '8a1edc19adc94f99852912cbf06d71a1', null, '0', 'sjn', '2017-06-07 17:40:36', 'sjn', '2017-06-07 17:40:39');
INSERT INTO `jy_resource_tab` VALUES ('7e27bbff11b049ee9716593645623841', '新增考试项', '/saveOrUpdateExam', '8a1edc19adc94f99852912cbf06d71a1', null, '0', 'sjn', '2017-06-07 17:39:51', 'sjn', '2017-06-07 17:39:54');
INSERT INTO `jy_resource_tab` VALUES ('842456bf073c4ae5a6362e6f6e96e8c1', '查询考试类型', '/examtype/queryExamTypes', 'bab83e402b004ef2bd6f57428ce3d84d', null, '0', 'sjn', '2017-06-07 17:45:59', 'sjn', '2017-06-07 17:46:01');
INSERT INTO `jy_resource_tab` VALUES ('9042e79617b8481da76852195cc669b8', '实时监听--侦测ip显示', '/equipment/queryEquipments', 'bd14756e3239436a8c6b1e9ef3c09698', null, '0', 'wb', '2017-06-07 17:29:19', '1', '2017-06-07 17:29:23');
INSERT INTO `jy_resource_tab` VALUES ('98985af3071e41b2b6d4a01d3ad166bf', '查询违纪信息', '/cheatesignalreduct/queryCheateSignalReducts', '6cc537968d6a42469266b78889b40919', null, '0', 'sjn', '2017-06-07 17:49:27', 'sjn', '2017-06-07 17:49:29');
INSERT INTO `jy_resource_tab` VALUES ('a9ecb60dc88043098c507579aa398424', '违纪信息', '/exam/cheateList', '6cc537968d6a42469266b78889b40919', null, '0', 'sjn', '2017-06-07 17:46:55', 'sjn', '2017-06-07 17:46:58');
INSERT INTO `jy_resource_tab` VALUES ('ab93013e340b434cb01a17fa3969cc2c', '试听违纪信息', '/cheatesignalreduct/listen', '6cc537968d6a42469266b78889b40919', null, '0', 'sjn', '2017-06-07 17:50:29', 'sjn', '2017-06-07 17:50:33');
INSERT INTO `jy_resource_tab` VALUES ('b86655ba8f0245f3957b49394347662b', '考试类型', '/exam/examTypeList', 'bab83e402b004ef2bd6f57428ce3d84d', null, '0', 'sjn', '2017-06-07 17:42:56', 'sjn', '2017-06-07 17:43:00');
INSERT INTO `jy_resource_tab` VALUES ('ba31fb8198194c138bf6b636fe3c5862', '排除违纪行为', '/cheatesignalreduct/updateCheateSignalReduct', '6cc537968d6a42469266b78889b40919', null, '0', 'sjn', '2017-06-07 17:51:50', 'sjn', '2017-06-07 17:51:53');
INSERT INTO `jy_resource_tab` VALUES ('dcb9430d3fe14080876213eaa55e0129', '新增修改考试类型', '/examtype/examTypeSaveOrUpdata', 'bab83e402b004ef2bd6f57428ce3d84d', null, '0', 'sjn', '2017-06-07 17:44:11', 'sjn', '2017-06-07 17:44:14');
INSERT INTO `jy_resource_tab` VALUES ('df0892dc03af4f73b81898eb2dda5957', '考试列表获取考试类型', '/examtype/getExamTypeData', '8a1edc19adc94f99852912cbf06d71a1', null, '0', 'sjn', '2017-06-08 09:55:54', 'sjn', '2017-06-08 09:55:59');
INSERT INTO `jy_resource_tab` VALUES ('e39a24f654e04543a4101e820c56259d', '黑白名单--黑白名单列表', 'blackwhitelist/blackwhitelist', '9dbf0e94ccdb44d7a2e5c434e821b121', '', '0', 'flm', '2017-06-07 17:03:45', '1', '2017-06-07 17:03:49');
INSERT INTO `jy_resource_tab` VALUES ('e39a24f654e04543a4102e820c56259d', '统计分析--作弊分析图表', 'blstatistics/cheatedAnalysis', '9dbf0e94ccdb44d7a2e5c434e823b121', '', '0', 'flm', '2017-06-07 17:03:45', '1', '2017-06-07 17:03:49');
INSERT INTO `jy_resource_tab` VALUES ('e39a24f654e04543a4103e820c56259d', '统计分析--设备分析图表', 'statistics/equipmentAnalysis', '9dbf0e94ccdb44d7a2e5c434e824b121', '', '0', 'flm', '2017-06-07 17:03:45', '1', '2017-06-07 17:03:49');
INSERT INTO `jy_resource_tab` VALUES ('e39a24f654e04543a41cde820c56259d', '可疑信号查询--查询考试名称', '/suspiciousSignal/queryExamNameList', 'e2fc12d882de4072a830dbed8edbccff', '', '0', 'wb', '2017-06-07 17:03:45', '1', '2017-06-07 17:03:49');

INSERT INTO `jy_role_tab` VALUES ('a821477821624260a5ce6818c0e26b96', '机构管理员', '机构管理员', '0', '1', '2017-06-14 15:02:16', '1', '2017-06-26 15:47:24');
INSERT INTO `jy_role_tab` VALUES ('ba67034df98e4134bf31ae97e1be4a92', '系统管理员', '系统管理员', '0', '1', '2017-06-13 08:11:37', '1', '2017-06-13 08:11:37');
INSERT INTO `jy_role_tab` VALUES ('c88b1d3b71f941a9b7522bfc92c07553', '角色管理员', '角色管理员', '0', '1', '2017-06-13 08:27:25', '1', '2017-06-13 08:27:25');

INSERT INTO `jy_user_tab` VALUES ('c88b1d3b71f941a9b7522bfc92c07598', '测是ded', 'test', 'e10adc3949ba59abbe56e057f20f883e', '13511111111', '1@sina.com', 'bd14756e3239436a8c6b1e9ef3c09656', 'ba67034df98e4134bf31ae97e1be4a92','1', '24','河南hanan','测试用户', '1', '1', '2017-05-18 09:29:33', '测是ded', '2017-07-03 11:09:39');



insert into jy_suspicious_signal values ('aert55ba8f0245f3957b493943471192','196','201708','1','739794','30' ,'100','61','0','2','8000','51.01.01','2017/7/6 17:07:03','2017/7/6 17:07:10','1','JFBC5FF4EA7769','','1','',null,'',null);
insert into jy_suspicious_signal values ('aert55ba8f0245f3957b493943471193','192','201708','1','736188','30' ,'100','62','0','2','8000','51.01.01','2017/7/6 17:07:00','2017/7/6 17:07:07','1','JFBC5FF4EA7769','','1','',null,'',null);
insert into jy_suspicious_signal values ('aert55ba8f0245f3957b493943471194','190','201708','1','361688','30' ,'100','43','0','2','8000','51.01.01','2017/7/6 17:06:57','2017/7/6 17:07:14','1','JFBC5FF4EA7769','','1','',null,'',null);
insert into jy_suspicious_signal values ('aert55ba8f0245f3957b493943471195','188','201708','1','182057','30' ,'100','43','0','2','8000','51.01.01','2017/7/6 17:06:55','2017/7/6 17:07:02','1','JFBC5FF4EA7769','','1','',null,'',null);
insert into jy_suspicious_signal values ('aert55ba8f0245f3957b493943471196','180','201708','1','743246','30' ,'100','62','0','2','8000','51.01.01','2017/7/6 17:06:47','2017/7/6 17:07:03','1','JFBC5FF4EA7769','','1','',null,'',null);
insert into jy_suspicious_signal values ('aert55ba8f0245f3957b493943471197','175','201708','1','118102','30' ,'100','43','0','2','8000','51.01.01','2017/7/6 17:06:45','2017/7/6 17:06:52','1','JFBC5FF4EA7769','','1','',null,'',null);
insert into jy_suspicious_signal values ('aert55ba8f0245f3957b493943471198','173','201708','1','131449','30' ,'100','44','0','2','8000','51.01.01','2017/7/6 17:06:44','2017/7/6 17:06:51','1','JFBC5FF4EA7769','','1','',null,'',null);
insert into jy_suspicious_signal values ('aert55ba8f0245f3957b493943471199','174','201708','1','361688','30' ,'100','43','0','2','8000','51.01.01','2017/7/6 17:06:44','2017/7/6 17:06:51','1','JFBC5FF4EA7769','','1','',null,'',null);
insert into jy_suspicious_signal values ('aert55ba8f0245f3957b493943471200','171','201708','1','361887','30' ,'100','41','0','2','8000','51.01.01','2017/7/6 17:06:42','2017/7/6 17:06:50','1','JFBC5FF4EA7769','','1','',null,'',null);
insert into jy_suspicious_signal values ('aert55ba8f0245f3957b493943471201','168','201708','1','361414','30' ,'100','45','0','2','8000','51.01.01','2017/7/6 17:06:40','2017/7/6 17:06:54','1','JFBC5FF4EA7769','','1','',null,'',null);
insert into jy_suspicious_signal values ('aert55ba8f0245f3957b493943471202','165','201708','1','362087','30' ,'100','44','0','2','8000','51.01.01','2017/7/6 17:06:39','2017/7/6 17:07:46','1','JFBC5FF4EA7769','','1','',null,'',null);
insert into jy_suspicious_signal values ('aert55ba8f0245f3957b493943471203','167','201708','1','739560','30' ,'100','62','0','2','8000','51.01.01','2017/7/6 17:06:39','2017/7/6 17:06:46','1','JFBC5FF4EA7769','','1','',null,'',null);
insert into jy_suspicious_signal values ('aert55ba8f0245f3957b493943471204','159','201708','1','417218','30' ,'100','45','0','2','8000','51.01.01','2017/7/6 17:06:33','2017/7/6 17:06:48','1','JFBC5FF4EA7769','','1','',null,'',null);
insert into jy_suspicious_signal values ('aert55ba8f0245f3957b493943471205','157','201708','1','131449','30' ,'100','46','0','2','8000','51.01.01','2017/7/6 17:06:32','2017/7/6 17:06:39','1','JFBC5FF4EA7769','','1','',null,'',null);
insert into jy_suspicious_signal values ('aert55ba8f0245f3957b493943471206','151','201708','1','231031','30' ,'100','43','0','2','8000','51.01.01','2017/7/6 17:06:28','2017/7/6 17:06:36','1','JFBC5FF4EA7769','','1','',null,'',null);
insert into jy_suspicious_signal values ('aert55ba8f0245f3957b493943471207','150','201708','1','364001','30' ,'100','42','0','2','8000','51.01.01','2017/7/6 17:06:28','2017/7/6 17:07:36','1','JFBC5FF4EA7769','','1','',null,'',null);
insert into jy_suspicious_signal values ('aert55ba8f0245f3957b493943471208','149','201708','1','121098','30' ,'100','42','0','2','8000','51.01.01','2017/7/6 17:06:27','2017/7/6 17:06:35','1','JFBC5FF4EA7769','','1','',null,'',null);
insert into jy_suspicious_signal values ('aert55ba8f0245f3957b493943471209','146','201708','1','408964','30' ,'100','43','0','2','8000','51.01.01','2017/7/6 17:06:25','2017/7/6 17:06:40','1','JFBC5FF4EA7769','','1','',null,'',null);
insert into jy_suspicious_signal values ('aert55ba8f0245f3957b493943471210','145','201708','1','418990','30' ,'100','48','0','2','8000','51.01.01','2017/7/6 17:06:25','2017/7/6 17:06:39','1','JFBC5FF4EA7769','','1','',null,'',null);
insert into jy_suspicious_signal values ('aert55ba8f0245f3957b493943471211','140','201708','1','414581','30' ,'100','47','0','2','8000','51.01.01','2017/7/6 17:06:23','2017/7/6 17:06:37','1','JFBC5FF4EA7769','','1','',null,'',null);
insert into jy_suspicious_signal values ('aert55ba8f0245f3957b493943471212','137','201708','1','739811','30' ,'100','62','0','2','8000','51.01.01','2017/7/6 17:06:22','2017/7/6 17:06:46','1','JFBC5FF4EA7769','','1','',null,'',null);
insert into jy_suspicious_signal values ('aert55ba8f0245f3957b493943471213','139','201708','1','743246','30' ,'100','63','0','2','8000','51.01.01','2017/7/6 17:06:22','2017/7/6 17:06:33','1','JFBC5FF4EA7769','','1','',null,'',null);
insert into jy_suspicious_signal values ('aert55ba8f0245f3957b493943471214','133','201708','1','361027','30' ,'100','47','0','2','8000','51.01.01','2017/7/6 17:06:18','2017/7/6 17:06:33','1','JFBC5FF4EA7769','','1','',null,'',null);
insert into jy_suspicious_signal values ('aert55ba8f0245f3957b493943471215','131','201708','1','416472','30' ,'100','45','0','2','8000','51.01.01','2017/7/6 17:06:17','2017/7/6 17:06:31','1','JFBC5FF4EA7769','','1','',null,'',null);
insert into jy_suspicious_signal values ('aert55ba8f0245f3957b493943471216','130','201708','1','131449','30' ,'100','45','0','2','8000','51.01.01','2017/7/6 17:06:16','2017/7/6 17:06:23','1','JFBC5FF4EA7769','','1','',null,'',null);
insert into jy_suspicious_signal values ('aert55ba8f0245f3957b493943471217','129','201708','1','364001','30' ,'100','42','0','2','8000','51.01.01','2017/7/6 17:06:15','2017/7/6 17:06:25','1','JFBC5FF4EA7769','','1','',null,'',null);
insert into jy_suspicious_signal values ('aert55ba8f0245f3957b493943471218','119','201708','1','228678','30' ,'100','90','0','2','8000','51.01.01','2017/7/6 17:06:13','2017/7/6 17:06:16','1','JFBC5FF4EA7769','','1','',null,'',null);
insert into jy_suspicious_signal values ('aert55ba8f0245f3957b493943471219','122','201708','1','739571','30' ,'100','61','0','2','8000','51.01.01','2017/7/6 17:06:11','2017/7/6 17:06:18','1','JFBC5FF4EA7769','','1','',null,'',null);
insert into jy_suspicious_signal values ('aert55ba8f0245f3957b493943471220','118','201708','1','182057','30' ,'100','43','0','2','8000','51.01.01','2017/7/6 17:06:09','2017/7/6 17:06:16','1','JFBC5FF4EA7769','','1','',null,'',null);
insert into jy_suspicious_signal values ('aert55ba8f0245f3957b493943471221','120','201708','1','743246','30' ,'100','62','0','2','8000','51.01.01','2017/7/6 17:06:09','2017/7/6 17:06:13','1','JFBC5FF4EA7769','','1','',null,'',null);
insert into jy_suspicious_signal values ('aert55ba8f0245f3957b493943471222','117','201708','1','120300','30' ,'100','41','0','2','8000','51.01.01','2017/7/6 17:06:08','2017/7/6 17:06:15','1','JFBC5FF4EA7769','','1','',null,'',null);
insert into jy_suspicious_signal values ('aert55ba8f0245f3957b493943471223','114','201708','1','422750','30' ,'100','43','0','2','8000','51.01.01','2017/7/6 17:06:06','2017/7/6 17:06:31','1','JFBC5FF4EA7769','','1','',null,'',null);
insert into jy_suspicious_signal values ('aert55ba8f0245f3957b493943471224','110','201708','1','417218','30' ,'100','45','0','2','8000','51.01.01','2017/7/6 17:06:04','2017/7/6 17:06:18','1','JFBC5FF4EA7769','','1','',null,'',null);
insert into jy_suspicious_signal values ('aert55ba8f0245f3957b493943471225','111','201708','1','421400','30' ,'100','46','0','2','8000','51.01.01','2017/7/6 17:06:04','2017/7/6 17:06:11','1','JFBC5FF4EA7769','','1','',null,'',null);
insert into jy_suspicious_signal values ('aert55ba8f0245f3957b493943471226','106','201708','1','414581','30' ,'100','47','0','2','8000','51.01.01','2017/7/6 17:06:03','2017/7/6 17:06:10','1','JFBC5FF4EA7769','','1','',null,'',null);
insert into jy_suspicious_signal values ('aert55ba8f0245f3957b493943471227','102','201708','1','422112','30' ,'100','42','0','2','8000','51.01.01','2017/7/6 17:06:00','2017/7/6 17:06:03','1','JFBC5FF4EA7769','','1','',null,'',null);
insert into jy_suspicious_signal values ('aert55ba8f0245f3957b493943471228','100','201708','1','739503','30' ,'100','61','0','2','8000','51.01.01','2017/7/6 17:05:59','2017/7/6 17:06:06','1','JFBC5FF4EA7769','','1','',null,'',null);
insert into jy_suspicious_signal values ('aert55ba8f0245f3957b493943471229','99','201708','1','455175','30' ,'100','43','0','2','8000','51.01.01','2017/7/6 17:05:58','2017/7/6 17:06:05','1','JFBC5FF4EA7769','','1','',null,'',null);
insert into jy_suspicious_signal values ('aert55ba8f0245f3957b493943471230','95','201708','1','418762','30' ,'100','45','0','2','8000','51.01.01','2017/7/6 17:05:56','2017/7/6 17:06:27','1','JFBC5FF4EA7769','','1','',null,'',null);
insert into jy_suspicious_signal values ('aert55ba8f0245f3957b493943471231','94','201708','1','416472','30' ,'100','48','0','2','8000','51.01.01','2017/7/6 17:05:55','2017/7/6 17:06:03','1','JFBC5FF4EA7769','','1','',null,'',null);
insert into jy_suspicious_signal values ('aert55ba8f0245f3957b493943471232','92','201708','1','739811','30' ,'100','61','0','2','8000','51.01.01','2017/7/6 17:05:53','2017/7/6 17:06:18','1','JFBC5FF4EA7769','','1','',null,'',null);
insert into jy_suspicious_signal values ('aert55ba8f0245f3957b493943471233','88','201708','1','230672','30' ,'100','44','0','2','8000','51.01.01','2017/7/6 17:05:50','2017/7/6 17:05:57','1','JFBC5FF4EA7769','','1','',null,'',null);
insert into jy_suspicious_signal values ('aert55ba8f0245f3957b493943471234','83','201708','1','416478','30' ,'100','48','0','2','8000','51.01.01','2017/7/6 17:05:45','2017/7/6 17:05:52','1','JFBC5FF4EA7769','','1','',null,'',null);
insert into jy_suspicious_signal values ('aert55ba8f0245f3957b493943471235','79','201708','1','413333','30' ,'100','50','0','2','8000','51.01.01','2017/7/6 17:05:44','2017/7/6 17:06:14','1','JFBC5FF4EA7769','','1','',null,'',null);
insert into jy_suspicious_signal values ('aert55ba8f0245f3957b493943471236','81','201708','1','422750','30' ,'100','43','0','2','8000','51.01.01','2017/7/6 17:05:44','2017/7/6 17:05:59','1','JFBC5FF4EA7769','','1','',null,'',null);
insert into jy_suspicious_signal values ('aert55ba8f0245f3957b493943471237','78','201708','1','739777','30' ,'100','61','0','2','8000','51.01.01','2017/7/6 17:05:44','2017/7/6 17:05:51','1','JFBC5FF4EA7769','','1','',null,'',null);
insert into jy_suspicious_signal values ('aert55ba8f0245f3957b493943471238','73','201708','1','414490','30' ,'100','44','0','2','8000','51.01.01','2017/7/6 17:05:40','2017/7/6 17:06:09','1','JFBC5FF4EA7769','','1','',null,'',null);
insert into jy_suspicious_signal values ('aert55ba8f0245f3957b493943471239','70','201708','1','418762','30' ,'100','45','0','2','8000','51.01.01','2017/7/6 17:05:37','2017/7/6 17:05:51','1','JFBC5FF4EA7769','','1','',null,'',null);
insert into jy_suspicious_signal values ('aert55ba8f0245f3957b493943471240','68','201708','1','182057','30' ,'100','43','0','2','8000','51.01.01','2017/7/6 17:05:35','2017/7/6 17:05:50','1','JFBC5FF4EA7769','','1','',null,'',null);
insert into jy_suspicious_signal values ('aert55ba8f0245f3957b493943471241','65','201708','1','362360','30' ,'100','43','0','2','8000','51.01.01','2017/7/6 17:05:34','2017/7/6 17:08:34','1','JFBC5FF4EA7769','','1','',null,'',null);
insert into jy_suspicious_signal values ('aert55ba8f0245f3957b493943471242','61','201708','1','362924','30' ,'100','43','0','2','8000','51.01.01','2017/7/6 17:05:33','2017/7/6 17:07:01','1','JFBC5FF4EA7769','','1','',null,'',null);
insert into jy_suspicious_signal values ('aert55ba8f0245f3957b493943471243','60','201708','1','739777','30' ,'100','62','0','2','8000','51.01.01','2017/7/6 17:05:32','2017/7/6 17:05:39','1','JFBC5FF4EA7769','','1','',null,'',null);
insert into jy_suspicious_signal values ('aert55ba8f0245f3957b493943471244','56','201708','1','135750','30' ,'100','44','0','2','8000','51.01.01','2017/7/6 17:05:29','2017/7/6 17:05:36','1','JFBC5FF4EA7769','','1','',null,'',null);
insert into jy_suspicious_signal values ('aert55ba8f0245f3957b493943471245','50','201708','1','230678','30' ,'100','43','0','2','8000','51.01.01','2017/7/6 17:05:26','2017/7/6 17:05:42','1','JFBC5FF4EA7769','','1','',null,'',null);
insert into jy_suspicious_signal values ('aert55ba8f0245f3957b493943471246','53','201708','1','422750','30' ,'100','43','0','2','8000','51.01.01','2017/7/6 17:05:26','2017/7/6 17:05:41','1','JFBC5FF4EA7769','','1','',null,'',null);
insert into jy_suspicious_signal values ('aert55ba8f0245f3957b493943471247','49','201708','1','182057','30' ,'100','43','0','2','8000','51.01.01','2017/7/6 17:05:24','2017/7/6 17:05:31','1','JFBC5FF4EA7769','','1','',null,'',null);
insert into jy_suspicious_signal values ('aert55ba8f0245f3957b493943471248','48','201708','1','438375','30' ,'100','42','0','2','8000','51.01.01','2017/7/6 17:05:23','2017/7/6 17:05:31','1','JFBC5FF4EA7769','','1','',null,'',null);
insert into jy_suspicious_signal values ('aert55ba8f0245f3957b493943471249','43','201708','1','363460','30' ,'100','45','0','2','8000','51.01.01','2017/7/6 17:05:19','2017/7/6 17:05:41','1','JFBC5FF4EA7769','','1','',null,'',null);
insert into jy_suspicious_signal values ('aert55ba8f0245f3957b493943471250','39','201708','1','414154','30' ,'100','44','0','2','8000','51.01.01','2017/7/6 17:05:15','2017/7/6 17:05:44','1','JFBC5FF4EA7769','','1','',null,'',null);
insert into jy_suspicious_signal values ('aert55ba8f0245f3957b493943471251','30','201708','1','416478','30' ,'100','48','0','2','8000','51.01.01','2017/7/6 17:05:04','2017/7/6 17:05:42','1','JFBC5FF4EA7769','','1','',null,'',null);
insert into jy_suspicious_signal values ('aert55ba8f0245f3957b493943471252','31','201708','1','417218','30' ,'100','45','0','2','8000','51.01.01','2017/7/6 17:05:04','2017/7/6 17:05:49','1','JFBC5FF4EA7769','','1','',null,'',null);
insert into jy_suspicious_signal values ('aert55ba8f0245f3957b493943471253','29','201708','1','362235','30' ,'100','44','0','2','8000','51.01.01','2017/7/6 17:05:03','2017/7/6 17:05:41','1','JFBC5FF4EA7769','','1','',null,'',null);
insert into jy_suspicious_signal values ('aert55ba8f0245f3957b493943471254','28','201708','1','414490','30' ,'100','44','0','2','8000','51.01.01','2017/7/6 17:05:03','2017/7/6 17:05:25','1','JFBC5FF4EA7769','','1','',null,'',null);
insert into jy_suspicious_signal values ('aert55ba8f0245f3957b493943471255','27','201708','1','361688','30' ,'100','42','0','2','8000','51.01.01','2017/7/6 17:05:01','2017/7/6 17:05:15','1','JFBC5FF4EA7769','','1','',null,'',null);
insert into jy_suspicious_signal values ('aert55ba8f0245f3957b493943471256','26','201708','1','364850','30' ,'100','43','0','2','8000','51.01.01','2017/7/6 17:04:59','2017/7/6 17:11:10','1','JFBC5FF4EA7769','','1','',null,'',null);
insert into jy_suspicious_signal values ('aert55ba8f0245f3957b493943471257','23','201708','1','442648','30' ,'100','43','0','2','8000','51.01.01','2017/7/6 16:24:19','2017/7/6 17:04:59','1','JFBC5FF4EA7769','','1','',null,'',null);
insert into jy_suspicious_signal values ('aert55ba8f0245f3957b493943471258','18','201708','1','121371','30' ,'100','42','0','2','8000','51.01.01','2017/7/6 16:24:15','2017/7/6 17:04:59','1','JFBC5FF4EA7769','','1','',null,'',null);
insert into jy_suspicious_signal values ('aert55ba8f0245f3957b493943471259','14','201708','1','364513','30' ,'100','42','0','2','8000','51.01.01','2017/7/6 16:24:12','2017/7/6 16:24:19','1','JFBC5FF4EA7769','','1','',null,'',null);
insert into jy_suspicious_signal values ('aert55ba8f0245f3957b493943471260','13','201708','1','363710','30' ,'100','42','0','2','8000','51.01.01','2017/7/6 16:24:10','2017/7/6 17:04:59','1','JFBC5FF4EA7769','','1','',null,'',null);
insert into jy_suspicious_signal values ('aert55ba8f0245f3957b493943471261','12','201708','1','414085','30' ,'100','46','0','2','8000','51.01.01','2017/7/6 16:24:09','2017/7/6 17:04:59','1','JFBC5FF4EA7769','','1','',null,'',null);
insert into jy_suspicious_signal values ('aert55ba8f0245f3957b493943471262','11','201708','1','99975','30' ,'100','42','0','2','8000','51.01.01','2017/7/6 16:24:09','2017/7/6 16:24:16','1','JFBC5FF4EA7769','','1','',null,'',null);
insert into jy_suspicious_signal values ('aert55ba8f0245f3957b493943471263','6','201708','1','364001','30' ,'100','43','0','2','8000','51.01.01','2017/7/6 16:24:07','2017/7/6 17:04:59','1','JFBC5FF4EA7769','','1','',null,'',null);
insert into jy_suspicious_signal values ('aert55ba8f0245f3957b493943471264','2','201708','1','413863','30' ,'100','42','0','2','8000','51.01.01','2017/7/6 16:23:45','2017/7/6 16:24:07','1','JFBC5FF4EA7769','','1','',null,'',null);
insert into jy_suspicious_signal values ('aert55ba8f0245f3957b493943471265','1046','201708','1','230678','30' ,'100','85','0','2','8000','51.01.01','2017/7/6 16:09:18','2017/7/6 16:09:29','1','JFBC5FF4EA7769','','1','',null,'',null);
insert into jy_suspicious_signal values ('aert55ba8f0245f3957b493943471266','1042','201708','1','361847','30' ,'100','43','0','2','8000','51.01.01','2017/7/6 16:09:15','2017/7/6 16:23:44','1','JFBC5FF4EA7769','','1','',null,'',null);
insert into jy_suspicious_signal values ('aert55ba8f0245f3957b493943471267','1039','201708','1','121104','30' ,'100','44','0','2','8000','51.01.01','2017/7/6 16:09:13','2017/7/6 16:09:27','1','JFBC5FF4EA7769','','1','',null,'',null);
insert into jy_suspicious_signal values ('aert55ba8f0245f3957b493943471268','1040','201708','1','456787','30' ,'100','47','0','2','8000','51.01.01','2017/7/6 16:09:13','2017/7/6 16:09:27','1','JFBC5FF4EA7769','','1','',null,'',null);
insert into jy_suspicious_signal values ('aert55ba8f0245f3957b493943471269','1032','201708','1','103171','30' ,'100','43','0','2','8000','51.01.01','2017/7/6 16:09:07','2017/7/6 16:09:29','1','JFBC5FF4EA7769','','1','',null,'',null);
insert into jy_suspicious_signal values ('aert55ba8f0245f3957b493943471270','1031','201708','1','418768','30' ,'100','44','0','2','8000','51.01.01','2017/7/6 16:09:06','2017/7/6 16:09:27','1','JFBC5FF4EA7769','','1','',null,'',null);
insert into jy_suspicious_signal values ('aert55ba8f0245f3957b493943471271','1030','201708','1','453585','30' ,'100','50','0','2','8000','51.01.01','2017/7/6 16:09:05','2017/7/6 16:09:29','1','JFBC5FF4EA7769','','1','',null,'',null);
insert into jy_suspicious_signal values ('aert55ba8f0245f3957b493943471272','1027','201708','1','99975','30' ,'100','42','0','2','8000','51.01.01','2017/7/6 16:09:04','2017/7/6 16:09:18','1','JFBC5FF4EA7769','','1','',null,'',null);
insert into jy_suspicious_signal values ('aert55ba8f0245f3957b493943471273','1024','201708','1','456787','30' ,'100','48','0','2','8000','51.01.01','2017/7/6 16:09:01','2017/7/6 16:09:08','1','JFBC5FF4EA7769','','1','',null,'',null);
insert into jy_suspicious_signal values ('aert55ba8f0245f3957b493943471274','1018','201708','1','415874','30' ,'100','46','0','2','8000','51.01.01','2017/7/6 16:08:57','2017/7/6 16:09:11','1','JFBC5FF4EA7769','','1','',null,'',null);
insert into jy_suspicious_signal values ('aert55ba8f0245f3957b493943471275','1020','201708','1','511298','30' ,'100','42','0','2','8000','51.01.01','2017/7/6 16:08:57','2017/7/6 16:09:04','1','JFBC5FF4EA7769','','1','',null,'',null);
insert into jy_suspicious_signal values ('aert55ba8f0245f3957b493943471276','1016','201708','1','461424','30' ,'100','42','0','2','8000','51.01.01','2017/7/6 16:08:56','2017/7/6 16:23:44','1','JFBC5FF4EA7769','','1','',null,'',null);
insert into jy_suspicious_signal values ('aert55ba8f0245f3957b493943471277','1014','201708','1','450224','30' ,'100','44','0','2','8000','51.01.01','2017/7/6 16:08:55','2017/7/6 16:09:11','1','JFBC5FF4EA7769','','1','',null,'',null);
insert into jy_suspicious_signal values ('aert55ba8f0245f3957b493943471278','1009','201708','1','419628','30' ,'100','44','0','2','8000','51.01.01','2017/7/6 16:08:52','2017/7/6 16:08:59','1','JFBC5FF4EA7769','','1','',null,'',null);
insert into jy_suspicious_signal values ('aert55ba8f0245f3957b493943471279','1001','201708','1','104857','30' ,'100','44','0','2','8000','51.01.01','2017/7/6 16:08:47','2017/7/6 16:08:54','1','JFBC5FF4EA7769','','1','',null,'',null);
insert into jy_suspicious_signal values ('aert55ba8f0245f3957b493943471280','1002','201708','1','117999','30' ,'100','45','0','2','8000','51.01.01','2017/7/6 16:08:47','2017/7/6 16:08:54','1','JFBC5FF4EA7769','','1','',null,'',null);
insert into jy_suspicious_signal values ('aert55ba8f0245f3957b493943471281','1003','201708','1','416689','30' ,'100','42','0','2','8000','51.01.01','2017/7/6 16:08:47','2017/7/6 16:09:03','1','JFBC5FF4EA7769','','1','',null,'',null);
insert into jy_suspicious_signal values ('aert55ba8f0245f3957b493943471282','1000','201708','1','414490','30' ,'100','44','0','2','8000','51.01.01','2017/7/6 16:08:46','2017/7/6 16:08:53','1','JFBC5FF4EA7769','','1','',null,'',null);
insert into jy_suspicious_signal values ('aert55ba8f0245f3957b493943471283','992','201708','1','419713','30' ,'100','43','0','2','8000','51.01.01','2017/7/6 16:08:42','2017/7/6 16:08:49','1','JFBC5FF4EA7769','','1','',null,'',null);
insert into jy_suspicious_signal values ('aert55ba8f0245f3957b493943471284','991','201708','1','361847','30' ,'100','42','0','2','8000','51.01.01','2017/7/6 16:08:41','2017/7/6 16:09:05','1','JFBC5FF4EA7769','','1','',null,'',null);
insert into jy_suspicious_signal values ('aert55ba8f0245f3957b493943471285','990','201708','1','417554','30' ,'100','46','0','2','8000','51.01.01','2017/7/6 16:08:41','2017/7/6 16:09:04','1','JFBC5FF4EA7769','','1','',null,'',null);
insert into jy_suspicious_signal values ('aert55ba8f0245f3957b493943471286','988','201708','1','103171','30' ,'100','43','0','2','8000','51.01.01','2017/7/6 16:08:40','2017/7/6 16:09:04','1','JFBC5FF4EA7769','','1','',null,'',null);
insert into jy_suspicious_signal values ('aert55ba8f0245f3957b493943471287','986','201708','1','416187','30' ,'100','47','0','2','8000','51.01.01','2017/7/6 16:08:37','2017/7/6 16:08:51','1','JFBC5FF4EA7769','','1','',null,'',null);
insert into jy_suspicious_signal values ('aert55ba8f0245f3957b493943471288','985','201708','1','436125','30' ,'100','43','0','2','8000','51.01.01','2017/7/6 16:08:36','2017/7/6 16:08:43','1','JFBC5FF4EA7769','','1','',null,'',null);
insert into jy_suspicious_signal values ('aert55ba8f0245f3957b493943471289','982','201708','1','121366','30' ,'100','43','0','2','8000','51.01.01','2017/7/6 16:08:35','2017/7/6 16:08:42','1','JFBC5FF4EA7769','','1','',null,'',null);
insert into jy_suspicious_signal values ('aert55ba8f0245f3957b493943471290','981','201708','1','421405','30' ,'100','46','0','2','8000','51.01.01','2017/7/6 16:08:35','2017/7/6 16:08:57','1','JFBC5FF4EA7769','','1','',null,'',null);
insert into jy_suspicious_signal values ('aert55ba8f0245f3957b493943471291','980','201708','1','363710','30' ,'100','42','0','2','8000','51.01.01','2017/7/6 16:08:33','2017/7/6 16:08:50','1','JFBC5FF4EA7769','','1','',null,'',null);
insert into jy_suspicious_signal values ('aert55ba8f0245f3957b493943471292','979','201708','1','363995','30' ,'100','42','0','2','8000','51.01.01','2017/7/6 16:08:32','2017/7/6 16:09:02','1','JFBC5FF4EA7769','','1','',null,'',null);
insert into jy_suspicious_signal values ('aert55ba8f0245f3957b493943471293','976','201708','1','416689','30' ,'100','43','0','2','8000','51.01.01','2017/7/6 16:08:30','2017/7/6 16:08:37','1','JFBC5FF4EA7769','','1','',null,'',null);
insert into jy_suspicious_signal values ('aert55ba8f0245f3957b493943471294','973','201708','1','361847','30' ,'100','43','0','2','8000','51.01.01','2017/7/6 16:08:28','2017/7/6 16:08:35','1','JFBC5FF4EA7769','','1','',null,'',null);
insert into jy_suspicious_signal values ('aert55ba8f0245f3957b493943471295','970','201708','1','141999','30' ,'100','43','0','2','8000','51.01.01','2017/7/6 16:08:27','2017/7/6 16:08:34','1','JFBC5FF4EA7769','','1','',null,'',null);
insert into jy_suspicious_signal values ('aert55ba8f0245f3957b493943471296','967','201708','1','121104','30' ,'100','44','0','2','8000','51.01.01','2017/7/6 16:08:24','2017/7/6 16:08:39','1','JFBC5FF4EA7769','','1','',null,'',null);
insert into jy_suspicious_signal values ('aert55ba8f0245f3957b493943471297','966','201708','1','417554','30' ,'100','47','0','2','8000','51.01.01','2017/7/6 16:08:23','2017/7/6 16:08:38','1','JFBC5FF4EA7769','','1','',null,'',null);
insert into jy_suspicious_signal values ('aert55ba8f0245f3957b493943471298','959','201708','1','120306','30' ,'100','42','0','2','8000','51.01.01','2017/7/6 16:08:20','2017/7/6 16:08:24','1','JFBC5FF4EA7769','','1','',null,'',null);
insert into jy_suspicious_signal values ('aert55ba8f0245f3957b493943471299','962','201708','1','156474','30' ,'100','43','0','2','8000','51.01.01','2017/7/6 16:08:20','2017/7/6 16:08:27','1','JFBC5FF4EA7769','','1','',null,'',null);
insert into jy_suspicious_signal values ('aert55ba8f0245f3957b493943471300','956','201708','1','361847','30' ,'100','43','0','2','8000','51.01.01','2017/7/6 16:08:17','2017/7/6 16:08:23','1','JFBC5FF4EA7769','','1','',null,'',null);
insert into jy_suspicious_signal values ('aert55ba8f0245f3957b493943471301','952','201708','1','453585','30' ,'100','50','0','2','8000','51.01.01','2017/7/6 16:08:17','2017/7/6 16:08:29','1','JFBC5FF4EA7769','','1','',null,'',null);
insert into jy_suspicious_signal values ('aert55ba8f0245f3957b493943471302','944','201708','1','456787','30' ,'100','48','0','2','8000','51.01.01','2017/7/6 16:08:17','2017/7/6 16:08:34','1','JFBC5FF4EA7769','','1','',null,'',null);
insert into jy_suspicious_signal values ('aert55ba8f0245f3957b493943471303','955','201708','1','416689','30' ,'100','42','0','2','8000','51.01.01','2017/7/6 16:08:16','2017/7/6 16:08:23','1','JFBC5FF4EA7769','','1','',null,'',null);
insert into jy_suspicious_signal values ('aert55ba8f0245f3957b493943471304','954','201708','1','450224','30' ,'100','43','0','2','8000','51.01.01','2017/7/6 16:08:16','2017/7/6 16:08:23','1','JFBC5FF4EA7769','','1','',null,'',null);
insert into jy_suspicious_signal values ('aert55ba8f0245f3957b493943471305','953','201708','1','361090','30' ,'100','42','0','2','8000','51.01.01','2017/7/6 16:08:15','2017/7/6 16:08:22','1','JFBC5FF4EA7769','','1','',null,'',null);
insert into jy_suspicious_signal values ('aert55ba8f0245f3957b493943471306','934','201708','1','421405','30' ,'100','46','0','2','8000','51.01.01','2017/7/6 16:08:11','2017/7/6 16:08:27','1','JFBC5FF4EA7769','','1','',null,'',null);
insert into jy_suspicious_signal values ('aert55ba8f0245f3957b493943471307','943','201708','1','156474','30' ,'100','42','0','2','8000','51.01.01','2017/7/6 16:08:09','2017/7/6 16:08:16','1','JFBC5FF4EA7769','','1','',null,'',null);
insert into jy_suspicious_signal values ('aert55ba8f0245f3957b493943471308','942','201708','1','104834','30' ,'100','42','0','2','8000','51.01.01','2017/7/6 16:08:07','2017/7/6 16:08:14','1','JFBC5FF4EA7769','','1','',null,'',null);
insert into jy_suspicious_signal values ('aert55ba8f0245f3957b493943471309','941','201708','1','362713','30' ,'100','43','0','2','8000','51.01.01','2017/7/6 16:08:07','2017/7/6 16:08:21','1','JFBC5FF4EA7769','','1','',null,'',null);
insert into jy_suspicious_signal values ('aert55ba8f0245f3957b493943471310','940','201708','1','361847','30' ,'100','43','0','2','8000','51.01.01','2017/7/6 16:08:06','2017/7/6 16:08:13','1','JFBC5FF4EA7769','','1','',null,'',null);
insert into jy_suspicious_signal values ('aert55ba8f0245f3957b493943471311','939','201708','1','117469','30' ,'100','43','0','2','8000','51.01.01','2017/7/6 16:08:05','2017/7/6 17:04:59','1','JFBC5FF4EA7769','','1','',null,'',null);
insert into jy_suspicious_signal values ('aert55ba8f0245f3957b493943471312','938','201708','1','118466','30' ,'100','42','0','2','8000','51.01.01','2017/7/6 16:08:05','2017/7/6 17:04:59','1','JFBC5FF4EA7769','','1','',null,'',null);
insert into jy_suspicious_signal values ('aert55ba8f0245f3957b493943471313','936','201708','1','103171','30' ,'100','43','0','2','8000','51.01.01','2017/7/6 16:08:04','2017/7/6 16:08:37','1','JFBC5FF4EA7769','','1','',null,'',null);
insert into jy_suspicious_signal values ('aert55ba8f0245f3957b493943471314','935','201708','1','363710','30' ,'100','42','0','2','8000','51.01.01','2017/7/6 16:08:04','2017/7/6 16:08:21','1','JFBC5FF4EA7769','','1','',null,'',null);
insert into jy_suspicious_signal values ('aert55ba8f0245f3957b493943471315','937','201708','1','414091','30' ,'100','46','0','2','8000','51.01.01','2017/7/6 16:08:04','2017/7/6 16:08:11','1','JFBC5FF4EA7769','','1','',null,'',null);
insert into jy_suspicious_signal values ('aert55ba8f0245f3957b493943471316','933','201708','1','116467','30' ,'100','42','0','2','8000','51.01.01','2017/7/6 16:08:03','2017/7/6 17:04:58','1','JFBC5FF4EA7769','','1','',null,'',null);




insert into jy_cheate_signal_reduct values('dcb9430d3fe14080876213eaa55e1000','201708','1','20170706171406_743.269mhz_-81dbm_512.820khz_有信号_语音_不明.wav','51.01.01','/BC-5F-F4-EA-77-69/201708_1/20170706171406_743.269mhz_-81dbm_512.820khz_有信号_语音_不明.wav','wav','743269','-81','确认作弊','1','','0','','2017/7/6 17:14:06','','2017/7/6 17:14:08');
insert into jy_cheate_signal_reduct values('dcb9430d3fe14080876213eaa55e1001','201708','1','20170706171349_228.679mhz_-57dbm_512.820khz_有信号_语音_不明.wav','51.01.01','/BC-5F-F4-EA-77-69/201708_1/20170706171349_228.679mhz_-57dbm_512.820khz_有信号_语音_不明.wav','wav','228679','-57','确认作弊','1','','0','','2017/7/6 17:14:06','','2017/7/6 17:14:08');
insert into jy_cheate_signal_reduct values('dcb9430d3fe14080876213eaa55e1002','201708','1','20170706171334_743.252mhz_-64dbm_512.820khz_有信号_语音_不明.wav','51.01.01','/BC-5F-F4-EA-77-69/201708_1/20170706171334_743.252mhz_-64dbm_512.820khz_有信号_语音_不明.wav','wav','743252','-64','确认作弊','1','','0','','2017/7/6 17:14:06','','2017/7/6 17:14:08');
insert into jy_cheate_signal_reduct values('dcb9430d3fe14080876213eaa55e1003','201708','1','20170706171331_228.679mhz_-57dbm_512.820khz_有信号_语音_不明.wav','51.01.01','/BC-5F-F4-EA-77-69/201708_1/20170706171331_228.679mhz_-57dbm_512.820khz_有信号_语音_不明.wav','wav','228679','-57','非作弊','1','','0','','2017/7/6 17:14:06','','2017/7/6 17:14:08');
insert into jy_cheate_signal_reduct values('dcb9430d3fe14080876213eaa55e1004','201708','1','20170706171316_743.246mhz_-68dbm_512.820khz_有信号_语音_不明.wav','51.01.01','/BC-5F-F4-EA-77-69/201708_1/20170706171316_743.246mhz_-68dbm_512.820khz_有信号_语音_不明.wav','wav','743246','-68','确认作弊','1','','0','','2017/7/6 17:14:06','','2017/7/6 17:14:08');
insert into jy_cheate_signal_reduct values('dcb9430d3fe14080876213eaa55e1005','201708','1','20170706171311_743.218mhz_-83dbm_512.820khz_有信号_语音_不明.wav','51.01.01','/BC-5F-F4-EA-77-69/201708_1/20170706171311_743.218mhz_-83dbm_512.820khz_有信号_语音_不明.wav','wav','743218','-83','非作弊','1','','0','','2017/7/6 17:14:06','','2017/7/6 17:14:08');
insert into jy_cheate_signal_reduct values('dcb9430d3fe14080876213eaa55e1006','201708','1','20170706171251_743.235mhz_-80dbm_512.820khz_有信号_语音_不明.wav','51.01.01','/BC-5F-F4-EA-77-69/201708_1/20170706171251_743.235mhz_-80dbm_512.820khz_有信号_语音_不明.wav','wav','743235','-80','非作弊','1','','0','','2017/7/6 17:14:06','','2017/7/6 17:14:08');
insert into jy_cheate_signal_reduct values('dcb9430d3fe14080876213eaa55e1007','201708','1','20170706171247_743.246mhz_-69dbm_512.820khz_有信号_语音_不明.wav','51.01.01','/BC-5F-F4-EA-77-69/201708_1/20170706171247_743.246mhz_-69dbm_512.820khz_有信号_语音_不明.wav','wav','743246','-69','确认作弊','1','','0','','2017/7/6 17:14:06','','2017/7/6 17:14:08');
insert into jy_cheate_signal_reduct values('dcb9430d3fe14080876213eaa55e1008','201708','1','20170706171201_743.246mhz_-68dbm_512.820khz_有信号_语音_不明.wav','51.01.01','/BC-5F-F4-EA-77-69/201708_1/20170706171201_743.246mhz_-68dbm_512.820khz_有信号_语音_不明.wav','wav','743246','-68','不明','1','','0','','2017/7/6 17:14:06','','2017/7/6 17:14:08');
insert into jy_cheate_signal_reduct values('dcb9430d3fe14080876213eaa55e1009','201708','1','20170706171200_228.679mhz_-59dbm_512.820khz_有信号_语音_不明.wav','51.01.01','/BC-5F-F4-EA-77-69/201708_1/20170706171200_228.679mhz_-59dbm_512.820khz_有信号_语音_不明.wav','wav','228679','-59','不明','1','','0','','2017/7/6 17:14:06','','2017/7/6 17:14:08');
insert into jy_cheate_signal_reduct values('dcb9430d3fe14080876213eaa55e1010','201708','1','20170706171131_743.241mhz_-79dbm_512.820khz_有信号_语音_不明.wav','51.01.01','/BC-5F-F4-EA-77-69/201708_1/20170706171131_743.241mhz_-79dbm_512.820khz_有信号_语音_不明.wav','wav','743241','-79','不明','1','','0','','2017/7/6 17:14:06','','2017/7/6 17:14:08');
insert into jy_cheate_signal_reduct values('dcb9430d3fe14080876213eaa55e1011','201708','1','20170706171128_228.673mhz_-48dbm_512.820khz_有信号_语音_不明.wav','51.01.01','/BC-5F-F4-EA-77-69/201708_1/20170706171128_228.673mhz_-48dbm_512.820khz_有信号_语音_不明.wav','wav','228673','-48','不明','1','','0','','2017/7/6 17:14:06','','2017/7/6 17:14:08');
insert into jy_cheate_signal_reduct values('dcb9430d3fe14080876213eaa55e1012','201708','1','20170706171116_743.246mhz_-68dbm_512.820khz_有信号_语音_不明.wav','51.01.01','/BC-5F-F4-EA-77-69/201708_1/20170706171116_743.246mhz_-68dbm_512.820khz_有信号_语音_不明.wav','wav','743246','-68','不明','1','','0','','2017/7/6 17:14:06','','2017/7/6 17:14:08');
insert into jy_cheate_signal_reduct values('dcb9430d3fe14080876213eaa55e1013','201708','1','20170706171046_421.400mhz_-72dbm_512.820khz_有信号_语音_不明.wav','51.01.01','/BC-5F-F4-EA-77-69/201708_1/20170706171046_421.400mhz_-72dbm_512.820khz_有信号_语音_不明.wav','wav','421400','-72','不明','1','','0','','2017/7/6 17:14:06','','2017/7/6 17:14:08');
insert into jy_cheate_signal_reduct values('dcb9430d3fe14080876213eaa55e1014','201708','1','20170706171044_743.235mhz_-80dbm_512.820khz_有信号_语音_不明.wav','51.01.01','/BC-5F-F4-EA-77-69/201708_1/20170706171044_743.235mhz_-80dbm_512.820khz_有信号_语音_不明.wav','wav','743235','-80','不明','1','','0','','2017/7/6 17:14:06','','2017/7/6 17:14:08');
insert into jy_cheate_signal_reduct values('dcb9430d3fe14080876213eaa55e1015','201708','1','20170706171025_743.246mhz_-69dbm_512.820khz_有信号_语音_不明.wav','51.01.01','/BC-5F-F4-EA-77-69/201708_1/20170706171025_743.246mhz_-69dbm_512.820khz_有信号_语音_不明.wav','wav','743246','-69','不明','1','','0','','2017/7/6 17:14:06','','2017/7/6 17:14:08');
insert into jy_cheate_signal_reduct values('dcb9430d3fe14080876213eaa55e1016','201708','1','20170706170938_743.246mhz_-69dbm_512.820khz_有信号_语音_不明.wav','51.01.01','/BC-5F-F4-EA-77-69/201708_1/20170706170938_743.246mhz_-69dbm_512.820khz_有信号_语音_不明.wav','wav','743246','-69','不明','1','','0','','2017/7/6 17:14:06','','2017/7/6 17:14:08');
insert into jy_cheate_signal_reduct values('dcb9430d3fe14080876213eaa55e1017','201708','1','20170706170922_362.235mhz_-65dbm_512.820khz_有信号_语音_不明.wav','51.01.01','/BC-5F-F4-EA-77-69/201708_1/20170706170922_362.235mhz_-65dbm_512.820khz_有信号_语音_不明.wav','wav','362235','-65','不明','1','','0','','2017/7/6 17:14:06','','2017/7/6 17:14:08');
insert into jy_cheate_signal_reduct values('dcb9430d3fe14080876213eaa55e1018','201708','1','20170706170921_743.246mhz_-67dbm_512.820khz_有信号_语音_不明.wav','51.01.01','/BC-5F-F4-EA-77-69/201708_1/20170706170921_743.246mhz_-67dbm_512.820khz_有信号_语音_不明.wav','wav','743246','-67','不明','1','','0','','2017/7/6 17:14:06','','2017/7/6 17:14:08');
insert into jy_cheate_signal_reduct values('dcb9430d3fe14080876213eaa55e1019','201708','1','20170706170851_743.246mhz_-69dbm_512.820khz_有信号_语音_不明.wav','51.01.01','/BC-5F-F4-EA-77-69/201708_1/20170706170851_743.246mhz_-69dbm_512.820khz_有信号_语音_不明.wav','wav','743246','-69','不明','1','','0','','2017/7/6 17:14:06','','2017/7/6 17:14:08');
insert into jy_cheate_signal_reduct values('dcb9430d3fe14080876213eaa55e1020','201708','1','20170706170836_743.246mhz_-69dbm_512.820khz_有信号_语音_不明.wav','51.01.01','/BC-5F-F4-EA-77-69/201708_1/20170706170836_743.246mhz_-69dbm_512.820khz_有信号_语音_不明.wav','wav','743246','-69','不明','1','','0','','2017/7/6 17:14:06','','2017/7/6 17:14:08');
insert into jy_cheate_signal_reduct values('dcb9430d3fe14080876213eaa55e1021','201708','1','20170706170805_743.246mhz_-68dbm_512.820khz_有信号_语音_不明.wav','51.01.01','/BC-5F-F4-EA-77-69/201708_1/20170706170805_743.246mhz_-68dbm_512.820khz_有信号_语音_不明.wav','wav','743246','-68','不明','1','','0','','2017/7/6 17:14:06','','2017/7/6 17:14:08');
insert into jy_cheate_signal_reduct values('dcb9430d3fe14080876213eaa55e1022','201708','1','20170706170750_743.246mhz_-66dbm_512.820khz_有信号_语音_不明.wav','51.01.01','/BC-5F-F4-EA-77-69/201708_1/20170706170750_743.246mhz_-66dbm_512.820khz_有信号_语音_不明.wav','wav','743246','-66','不明','1','','0','','2017/7/6 17:14:06','','2017/7/6 17:14:08');
insert into jy_cheate_signal_reduct values('dcb9430d3fe14080876213eaa55e1023','201708','1','20170706170717_743.246mhz_-67dbm_512.820khz_有信号_语音_不明.wav','51.01.01','/BC-5F-F4-EA-77-69/201708_1/20170706170717_743.246mhz_-67dbm_512.820khz_有信号_语音_不明.wav','wav','743246','-67','不明','1','','0','','2017/7/6 17:14:06','','2017/7/6 17:14:08');
insert into jy_cheate_signal_reduct values('dcb9430d3fe14080876213eaa55e1024','201708','1','20170706170647_743.246mhz_-66dbm_512.820khz_有信号_语音_不明.wav','51.01.01','/BC-5F-F4-EA-77-69/201708_1/20170706170647_743.246mhz_-66dbm_512.820khz_有信号_语音_不明.wav','wav','743246','-66','不明','1','','0','','2017/7/6 17:14:06','','2017/7/6 17:14:08');
insert into jy_cheate_signal_reduct values('dcb9430d3fe14080876213eaa55e1025','201708','1','20170706170621_743.246mhz_-66dbm_512.820khz_有信号_语音_不明.wav','51.01.01','/BC-5F-F4-EA-77-69/201708_1/20170706170621_743.246mhz_-66dbm_512.820khz_有信号_语音_不明.wav','wav','743246','-66','不明','1','','0','','2017/7/6 17:14:06','','2017/7/6 17:14:08');
insert into jy_cheate_signal_reduct values('dcb9430d3fe14080876213eaa55e1026','201708','1','20170706170600_743.246mhz_-68dbm_512.820khz_有信号_语音_不明.wav','51.01.01','/BC-5F-F4-EA-77-69/201708_1/20170706170600_743.246mhz_-68dbm_512.820khz_有信号_语音_不明.wav','wav','743246','-68','不明','1','','0','','2017/7/6 17:14:06','','2017/7/6 17:14:08');
insert into jy_cheate_signal_reduct values('dcb9430d3fe14080876213eaa55e1027','201708','1','20170706170529_743.246mhz_-68dbm_512.820khz_有信号_语音_不明.wav','51.01.01','/BC-5F-F4-EA-77-69/201708_1/20170706170529_743.246mhz_-68dbm_512.820khz_有信号_语音_不明.wav','wav','743246','-68','不明','1','','0','','2017/7/6 17:14:06','','2017/7/6 17:14:08');
insert into jy_cheate_signal_reduct values('dcb9430d3fe14080876213eaa55e1028','201708','1','20170706170514_743.246mhz_-69dbm_512.820khz_有信号_语音_不明.wav','51.01.01','/BC-5F-F4-EA-77-69/201708_1/20170706170514_743.246mhz_-69dbm_512.820khz_有信号_语音_不明.wav','wav','743246','-69','不明','1','','0','','2017/7/6 17:14:06','','2017/7/6 17:14:08');
insert into jy_cheate_signal_reduct values('dcb9430d3fe14080876213eaa55e1029','201708','1','20170706162420_416.188mhz_-70dbm_512.820khz_有信号_语音_不明.wav','51.01.01','/BC-5F-F4-EA-77-69/201708_1/20170706162420_416.188mhz_-70dbm_512.820khz_有信号_语音_不明.wav','wav','416188','-70','不明','1','','0','','2017/7/6 17:14:06','','2017/7/6 17:14:08');
insert into jy_cheate_signal_reduct values('dcb9430d3fe14080876213eaa55e1030','201708','1','20170706162417_416.188mhz_-72dbm_512.820khz_有信号_语音_不明.wav','51.01.01','/BC-5F-F4-EA-77-69/201708_1/20170706162417_416.188mhz_-72dbm_512.820khz_有信号_语音_不明.wav','wav','416188','-72','不明','1','','0','','2017/7/6 17:14:06','','2017/7/6 17:14:08');
insert into jy_cheate_signal_reduct values('dcb9430d3fe14080876213eaa55e1031','201708','1','20170706162345_413.636mhz_-63dbm_512.820khz_有信号_语音_不明.wav','51.01.01','/BC-5F-F4-EA-77-69/201708_1/20170706162345_413.636mhz_-63dbm_512.820khz_有信号_语音_不明.wav','wav','413636','-63','不明','1','','0','','2017/7/6 17:14:06','','2017/7/6 17:14:08');
insert into jy_cheate_signal_reduct values('dcb9430d3fe14080876213eaa55e1032','201708','1','20170706160929_453.586mhz_-61dbm_512.820khz_有信号_语音_不明.wav','51.01.01','/BC-5F-F4-EA-77-69/201708_1/20170706160929_453.586mhz_-61dbm_512.820khz_有信号_语音_不明.wav','wav','453586','-61','不明','1','','0','','2017/7/6 17:14:06','','2017/7/6 17:14:08');
insert into jy_cheate_signal_reduct values('dcb9430d3fe14080876213eaa55e1033','201708','1','20170706160813_456.787mhz_-70dbm_512.820khz_有信号_语音_不明.wav','51.01.01','/BC-5F-F4-EA-77-69/201708_1/20170706160813_456.787mhz_-70dbm_512.820khz_有信号_语音_不明.wav','wav','456787','-70','不明','1','','0','','2017/7/6 17:14:06','','2017/7/6 17:14:08');
insert into jy_cheate_signal_reduct values('dcb9430d3fe14080876213eaa55e1034','201708','1','20170706160811_456.787mhz_-63dbm_512.820khz_有信号_语音_不明.wav','51.01.01','/BC-5F-F4-EA-77-69/201708_1/20170706160811_456.787mhz_-63dbm_512.820khz_有信号_语音_不明.wav','wav','456787','-63','不明','1','','0','','2017/7/6 17:14:06','','2017/7/6 17:14:08');
insert into jy_cheate_signal_reduct values('dcb9430d3fe14080876213eaa55e1035','201708','1','20170706160808_421.406mhz_-72dbm_512.820khz_有信号_语音_不明.wav','51.01.01','/BC-5F-F4-EA-77-69/201708_1/20170706160808_421.406mhz_-72dbm_512.820khz_有信号_语音_不明.wav','wav','421406','-72','不明','1','','0','','2017/7/6 17:14:06','','2017/7/6 17:14:08');




